---
layout: post
title: "mysql之用户和权限管理"
categories: [database]
tags: [database]

---

**创建用户:**

    GRANT privileges  ON what TO user IDENTIFIED BY 'password' WITH GRANT OPTION;
    CREATE USER user IDENTIFIED BY 'password';
    INSERT INTO user VALUES('host','user','password',...);

**分配权限:**

    GRANT privileges  ON what TO user;

**查看权限:**

    SHOW GRANTS FOR user;

**修改密码:**

    SET PASSWORD FOR user = PASSWORD('newpwd');
    SET PASSWORD = PASSWORD('newpwd');

**移除权限:**

    REVOKE privileges  ON what FROM user; 

**删除用户:**

    DROP USER user1;

**数据库列表:**

    SHOW DATABASES;

**数据表列表:**

    SHOW TABLES;

**当前数据库:**

    SELECT DATABASE();

**当前用户:**

    SELECT USER();

**数据表结构:**

    DESCRIBE table;

**刷新权限:**

    FLUSH PRIVILEGES;   #一般用于INSERT INTO、UPDATE对用户的操作，使权限立即生效。

----
**实例：**

####用CREATE USER 或 GRANT 创建用户，后者还同时分配相关权限。 REVOKE 则用于删除用户权限，DROP USER 删除账户。 

    $ mysql -u root -p          #root登录
    Enter password: 

    MariaDB [(none)]> create database test;   #创建数据库
    Query OK, 1 row affected (0.00 sec)
 
    MariaDB [(none)]> use test;       #使用数据库
    Database changed

    MariaDB [test]> show databases;   #查看数据库
    +--------------------+
    | Database           |
    +--------------------+
    | information_schema |
    | mysql              |
    | performance_schema |
    | test               |
    +--------------------+
    4 rows in set (0.00 sec)

    MariaDB [test]> grant all on test.* to user1@'%' identified by '12345' with grant option;
    Query OK, 0 rows affected (0.00 sec)    #创建特权用户


    MariaDB [test]> select user , host from mysql.user;   #查看用户
    +-------+---------------+
    | user  | host          |
    +-------+---------------+
    | user1 | %             |
    | root  | 192.168.1.102 |
    | root  | localhost     |
    | root  | star          |
    +-------+---------------+
    4 rows in set (0.00 sec)


    MariaDB [test]> show grants for user1;    #查看用户权限
    +------------------------------------------------------------------------------------------------------+
    | Grants for user1@%                                                                                   |
    +------------------------------------------------------------------------------------------------------+
    | GRANT USAGE ON *.* TO 'user1'@'%' IDENTIFIED BY PASSWORD '*00A51F3F48415C7D4E8908980D443C29C69B60C9' |
    | GRANT ALL PRIVILEGES ON `test`.* TO 'user1'@'%' WITH GRANT OPTION                                    |
    +------------------------------------------------------------------------------------------------------+
    2 rows in set (0.00 sec)

    如果不想user1有密码，可以再打一个命令将密码去掉。
        grant all on mydb.* to user1@'%' identified by "" with grant option;; 

    当用户不存在时，则上面的命令可以创建一个空密码的用户；当用户已经存在，host是localhost
    且之前设置了密码，上面的命令不能清除密码。



**GRANT 语法:**

    GRANT privileges (columns)
    ON what
    TO user IDENTIFIED BY "password"
    WITH GRANT OPTION

    权限列表:
    ALTER: 修改表和索引。
    CREATE: 创建数据库和表。
    DELETE: 删除表中已有的记录。
    DROP: 抛弃(删除)数据库和表。
    INDEX: 创建或抛弃索引。
    INSERT: 向表中插入新行。
    REFERENCE: 未用。
    SELECT: 检索表中的记录。
    UPDATE: 修改现存表记录。
    FILE: 读或写服务器上的文件。
    PROCESS: 查看服务器中执行的线程信息或杀死线程。
    RELOAD: 重载授权表或清空日志、主机缓存或表缓存。
    SHUTDOWN: 关闭服务器。
    ALL: 所有权限，ALL PRIVILEGES同义词。
    USAGE: 特殊的 "无权限" 权限。

    用户账户包括 "username" 和 "host" 两部分，后者表示该用户被允许从何地接入。
    user1@'%' 表示任何地址，默认可以省略。还可以是 "user1@192.168.1.%"、
    "user1@%.abc.com" 等。数据库格式为 db@table，可以是 "test.*" 或 "*.*"，
    前者表示 test数据库的所有表，后者表示所有数据库的所有表。
    子句 "WITH GRANT OPTION" 表示该用户可以为其他用户分配权限。 


**用 root 再创建几个用户，然后由 test 数据库的管理员 user1 为他们分配权限：**
    
    MariaDB [test]> create user user2 identified by '12345' ,user3 identified by '12345';
    Query OK, 0 rows affected (0.00 sec)

    MariaDB [test]> select user,host from mysql.user;
    +-------+---------------+
    | user  | host          |
    +-------+---------------+
    | user1 | %             |
    | user2 | %             |
    | user3 | %             |
    | root  | 192.168.1.102 |
    | root  | localhost     |
    | root  | star          |
    +-------+---------------+
    6 rows in set (0.01 sec)


**退出改用 user1 登录并针对 test 数据库进行操作：**

    MariaDB [test]> quit
    Bye

    $ mysql -u user1 -p12345 test

    MariaDB [test]> select database();   #确认当前数据库
    +------------+
    | database() |
    +------------+
    | test       |
    +------------+
    1 row in set (0.00 sec)


    MariaDB [test]> select current_user();   #确认当前用户
    +----------------+
    | current_user() |
    +----------------+
    | user1@%        |
    +----------------+
    1 row in set (0.00 sec)


    MariaDB [test]> create table table1(name varchar(20),age tinyint);
    Query OK, 0 rows affected (0.08 sec)    #创建表


    MariaDB [test]> show tables;    #查看表
    +----------------+
    | Tables_in_test |
    +----------------+
    | table1         |
    +----------------+
    1 row in set (0.00 sec)


    MariaDB [test]> describe table1;   #查看表结构
    +-------+-------------+------+-----+---------+-------+
    | Field | Type        | Null | Key | Default | Extra |
    +-------+-------------+------+-----+---------+-------+
    | name  | varchar(20) | YES  |     | NULL    |       |
    | age   | tinyint(4)  | YES  |     | NULL    |       |
    +-------+-------------+------+-----+---------+-------+
    2 rows in set (0.00 sec)

    MariaDB [test]> insert into table1 values('李毅',20);   #插入记录
    Query OK, 1 row affected (0.05 sec)

    MariaDB [test]> select * from table1;      #查询记录 
    +--------+------+
    | name   | age  |
    +--------+------+
    | 李毅   |   20 |
    +--------+------+
    1 row in set (0.00 sec)


    MariaDB [test]> grant select on test.* to user2;   #为user2分配select权限
    Query OK, 0 rows affected (0.00 sec)

**测试权限：**

    MariaDB [test]> select database();
    +------------+
    | database() |
    +------------+
    | test       |
    +------------+
    1 row in set (0.00 sec)

    MariaDB [test]> select current_user();
    +----------------+
    | current_user() |
    +----------------+
    | user2@%        |
    +----------------+
    1 row in set (0.00 sec)

    MariaDB [test]> select * from table1;
    +--------+------+
    | name   | age  |
    +--------+------+
    | 李毅   |   20 |
    +--------+------+
    1 row in set (0.00 sec)


**分配权限：**

    MariaDB [test]> grant select on test.* to user3;  #为user3分配select权限
    Query OK, 0 rows affected (0.00 sec)

    MariaDB [test]> grant update,insert on test.* to user2;  #为users分配update、insert权限
    Query OK, 0 rows affected (0.00 sec)


**测试权限：**

    MariaDB [test]> show grants for user2;
    +------------------------------------------------------------------------------------------------------+
    | Grants for user2@%                                                                                   |
    +------------------------------------------------------------------------------------------------------+
    | GRANT USAGE ON *.* TO 'user2'@'%' IDENTIFIED BY PASSWORD '*00A51F3F48415C7D4E8908980D443C29C69B60C9' |
    | GRANT SELECT, INSERT, UPDATE ON `test`.* TO 'user2'@'%'                                              |
    +------------------------------------------------------------------------------------------------------+
    2 rows in set (0.00 sec)

    MariaDB [test]> insert into table1 values('王强',24);
    Query OK, 1 row affected (0.07 sec)


    MariaDB [test]> update table1 set age=22 where name='李毅';
    Query OK, 1 row affected (0.29 sec)
    Rows matched: 1  Changed: 1  Warnings: 0


    MariaDB [test]> delete from table1 where age=22;
    ERROR 1142 (42000): DELETE command denied to user 'user2'@'localhost' for table 'table1'



**切换回 user1 管理账户，移除 user2 的 UPDATE 权限看看：**

    MariaDB [test]> revoke update on test.* from user2;
    Query OK, 0 rows affected (0.00 sec)


**再次切换回 user2：**

    MariaDB [test]> show grants for user2;
    +------------------------------------------------------------------------------------------------------+
    | Grants for user2@%                                                                                   |
    +------------------------------------------------------------------------------------------------------+
    | GRANT USAGE ON *.* TO 'user2'@'%' IDENTIFIED BY PASSWORD '*00A51F3F48415C7D4E8908980D443C29C69B60C9' |
    | GRANT SELECT, INSERT ON `test`.* TO 'user2'@'%'                                                      |
    +------------------------------------------------------------------------------------------------------+
    2 rows in set (0.00 sec)


    MariaDB [test]> update table1 set age=23 where name='李毅';
    ERROR 1142 (42000): UPDATE command denied to user 'user2'@'localhost' for table 'table1'


**修改用户密码和删除用户： **

    MariaDB [mysql]> select current_user();  #当前用户
    +----------------+
    | current_user() |
    +----------------+
    | root@localhost |
    +----------------+
    1 row in set (0.00 sec)
    
    #管理用户更改其他用户密码
    MariaDB [mysql]> set password for user3=password('abcde');
    Query OK, 0 rows affected (0.00 sec)

    MariaDB [mysql]> flush privileges;
    Query OK, 0 rows affected (0.00 sec)

    MariaDB [mysql]> revoke all on *.* from user2;  #移除user2所有权限
    Query OK, 0 rows affected (0.00 sec)
        
    MariaDB [mysql]> drop user user2;    #删除用户
    Query OK, 0 rows affected (0.00 sec)

    MariaDB [mysql]> select user,host from mysql.user;
    +-------+---------------+
    | user  | host          |
    +-------+---------------+
    | user1 | %             |
    | user3 | %             |
    | root  | 192.168.1.102 |
    | root  | localhost     |
    | root  | star          |
    +-------+---------------+
    5 rows in set (0.00 sec)

    $ mysql -u user2 -p12345 test
    ERROR 1045 (28000): Access denied for user 'user2'@'localhost' (using password: YES)

    #用户更改自己的密码
    MariaDB [(none)]> select current_user();
    +----------------+
    | current_user() |
    +----------------+
    | user3@%        |
    +----------------+
    1 row in set (0.00 sec)

    MariaDB [(none)]> set password=password('12345');
    Query OK, 0 rows affected (0.00 sec)

    还可以直接update mysql.user清除密码，不过要flush privileges才能立即生效。
    
    也可以用mysqladmin来修改密码，不过要拥有修改权限：
        mysqladmin -h localhost -u root -p password newpassword



